{"stats":{"minecraft:dropped":{"minecraft:snow":1,"minecraft:dirt":38,"minecraft:anvil":1,"minecraft:wheat_seeds":1,"minecraft:sculk_catalyst":1,"minecraft:tnt":2,"minecraft:obsidian":1,"minecraft:netherite_axe":1,"minecraft:snowball":25,"minecraft:warden_spawn_egg":2,"minecraft:rotten_flesh":2,"minecraft:redstone_torch":130,"minecraft:arrow":1,"minecraft:stray_spawn_egg":1,"minecraft:grass_block":1,"minecraft:spruce_sapling":1},"minecraft:used":{"minecraft:redstone_torch":30,"minecraft:diorite":14,"minecraft:stone_sword":17,"minecraft:netherite_axe":103,"minecraft:spruce_planks":2,"minecraft:wooden_pickaxe":33,"minecraft:stone_axe":6,"minecraft:salmon":2,"minecraft:dirt":4,"minecraft:anvil":11,"minecraft:stray_spawn_egg":1,"minecraft:tnt":441,"minecraft:crafting_table":2,"minecraft:andesite":6,"minecraft:snowball":389,"minecraft:obsidian":368,"minecraft:warden_spawn_egg":5},"minecraft:picked_up":{"minecraft:sculk_catalyst":1,"minecraft:crafting_table":2,"minecraft:andesite":6,"minecraft:salmon":2,"minecraft:spruce_sapling":1,"minecraft:diorite":14,"minecraft:spruce_log":5,"minecraft:warden_spawn_egg":1,"minecraft:dirt":46,"minecraft:arrow":1,"minecraft:rotten_flesh":2,"minecraft:wheat_seeds":1,"minecraft:redstone_torch":130,"minecraft:netherite_axe":1,"minecraft:snowball":25,"minecraft:cobblestone":89},"minecraft:crafted":{"minecraft:crafting_table":1,"minecraft:stick":8,"minecraft:spruce_planks":20,"minecraft:wooden_pickaxe":1,"minecraft:stone_pickaxe":1,"minecraft:stone_sword":1,"minecraft:stone_axe":1},"minecraft:custom":{"minecraft:time_since_rest":17436,"minecraft:sprint_one_cm":105128,"minecraft:damage_taken":210,"minecraft:walk_one_cm":102855,"minecraft:mob_kills":16,"minecraft:interact_with_anvil":1,"minecraft:drop":22,"minecraft:damage_dealt":13896,"minecraft:swim_one_cm":11183,"minecraft:interact_with_crafting_table":3,"minecraft:fly_one_cm":327828,"minecraft:player_kills":3,"minecraft:crouch_one_cm":7736,"minecraft:play_time":148787,"minecraft:deaths":2,"minecraft:sneak_time":3347,"minecraft:walk_under_water_one_cm":4423,"minecraft:jump":530,"minecraft:leave_game":4,"minecraft:time_since_death":17379,"minecraft:walk_on_water_one_cm":3794,"minecraft:total_world_time":148787,"minecraft:fall_one_cm":1380},"minecraft:mined":{"minecraft:ice":1,"minecraft:spruce_log":5,"minecraft:andesite":6,"minecraft:crafting_table":2,"minecraft:grass":3,"minecraft:grass_block":1,"minecraft:dirt":8,"minecraft:spruce_leaves":10,"minecraft:stone":8,"minecraft:diorite":14},"minecraft:killed":{"minecraft:zombie":5,"minecraft:stray":1,"minecraft:warden":1,"minecraft:villager":1,"minecraft:creeper":2,"minecraft:polar_bear":6}},"DataVersion":3465}