{"stats":{"minecraft:custom":{"minecraft:jump":67,"minecraft:time_since_rest":399,"minecraft:crouch_one_cm":112,"minecraft:damage_dealt":10,"minecraft:deaths":6,"minecraft:sprint_one_cm":8479,"minecraft:play_time":30436,"minecraft:damage_taken":1934,"minecraft:time_since_death":63,"minecraft:walk_one_cm":3893,"minecraft:sneak_time":144,"minecraft:total_world_time":30436,"minecraft:walk_under_water_one_cm":978,"minecraft:fall_one_cm":1454,"minecraft:fly_one_cm":17480},"minecraft:killed_by":{"minecraft:warden":2,"minecraft:player":3}},"DataVersion":3465}